Model,Family,Frequency,Split,MAE,RMSE,MAPE,WAPE
SeasonalNaive,base,MS,val,24.026788384600824,32.030023928779165,0.21896315976963898,0.2405490103016269
Structural,base,MS,val,20.621830976275984,23.9506483052713,0.2234170218643733,0.2064595963699388
HistoricAverage,base,MS,val,26.334404055191204,33.46876727248998,0.23108225644655545,0.26365216736246866
RWD,base,MS,val,36.11829375107817,41.2134982003881,0.4325880639712261,0.361605541137313
