Model,Family,Frequency,Split,MAE,RMSE,MAPE,WAPE
HistoricAverage,base,D,val,26.302547483991223,33.42387736784404,0.23085766032277102,0.26333322891130756
SeasonalNaive,base,D,val,23.165649240096826,27.097775542861083,0.27253113320076683,0.2319275430615362
Structural,base,D,val,24.82610972193129,29.340445157826686,0.2961573694438736,0.2485515761681098
RWD,base,D,val,27.778034850230412,31.998016719353267,0.33064682017724506,0.27810536657615126
