,Model,Family,Frequency,Split,MAE,RMSE,MAPE
0,SeasonalNaive,base,MS,val,24.026788384600824,32.030023928779165,0.21896315976963898
3,Structural,base,MS,val,20.621830976275977,23.950648305271294,0.2234170218643733
2,HistoricAverage,base,MS,val,26.3344040551912,33.46876727248997,0.23108225644655545
1,RWD,base,MS,val,36.11829375107817,41.2134982003881,0.4325880639712261
