Model,Family,Frequency,Split,MAE,RMSE,MAPE
RNN_Lag,dl,D,val,24.885820581769888,29.432755043776083,0.2977974970892304
LSTM,dl,D,val,34.85613857303682,37.77578477869793,0.39725354399849416
RNN,dl,D,val,35.23537079230845,38.48608963183212,0.3988521014874245
LSTM_Lag,dl,D,val,47.476669611682496,51.22797231791004,0.5366162295961032
KAN,dl,D,val,47.20767922828515,53.42351239462546,0.5380726803028815
NHITS_Lag,dl,D,val,90.36687448087731,125.73184188575792,0.904554226824799
KAN_Lag,dl,D,val,120.57447782022705,149.5593867421282,1.2749963155631099
NHITS,dl,D,val,197.6099001248929,238.41818223763565,2.0450204008330863
