Model,Family,Frequency,Split,MAE,RMSE,MAPE,WAPE
LSTM_Lag,dl,D,val,17.6722001194747,20.038433920573237,0.18648169319287067,0.17692877552109662
LSTM,dl,D,val,34.85613857303682,37.77578477869793,0.39725354399849416,0.3489692214567556
RNN,dl,D,val,35.23537079230845,38.48608963183212,0.3988521014874245,0.35276598087212324
KAN,dl,D,val,47.20767922828515,53.42351239462546,0.5380726803028815,0.4726291477340667
NHITS_Lag,dl,D,val,56.25026762888039,63.702869960096194,0.6277785906851905,0.5631608349287759
KAN_Lag,dl,D,val,93.44162590999917,105.78963355999477,1.0056080296547887,0.9355095768034994
RNN_Lag,dl,D,val,96.41846209061235,107.89358061661333,1.0851548066316634,0.9653127692075045
NHITS,dl,D,val,197.6099001248929,238.41818223763565,2.0450204008330863,1.978411144258973
