Model,Family,Frequency,Split,MAE,RMSE,MAPE,WAPE
NHITS_Lag,dl,D,val,13.276917512651869,16.24332354130414,0.13374873301385026,0.132924522262479
LSTM_Lag,dl,D,val,20.64623550017747,22.97791797140329,0.2208704673016161,0.20670392715511965
RNN,dl,D,val,19.424079384602358,21.921669751225195,0.22404093006334422,0.19446806610994993
LSTM,dl,D,val,20.37790310442443,22.298671081065912,0.22929414871997789,0.2040174635630223
RNN_Lag,dl,D,val,35.843653806504555,39.49876802419024,0.42056585569390914,0.35885592825526763
KAN,dl,D,val,46.14186719273729,52.29210202583009,0.5280396492927183,0.46195855679970277
KAN_Lag,dl,D,val,81.08740686614998,89.15321795901114,0.8933982629612706,0.8118228353015804
NHITS,dl,D,val,203.91949422546898,250.70386828469788,2.097134416980502,2.0415809109378737
