Model,Family,Frequency,Split,MAE,RMSE,MAPE
LSTM_Lag,dl,MS,val,133.70269719871527,167.57775277453155,1.3792684110859106
RNN,dl,MS,val,206.58038886538193,280.5036125311024,2.1322275642146487
RNN_Lag,dl,MS,val,293.394361365382,405.09685353035786,2.9356322975700415
NHITS_Lag,dl,MS,val,283.2498502939534,358.72458575175744,2.944643519555712
LSTM,dl,MS,val,289.71024886538186,339.3878776166289,3.1512444531886974
NHITS,dl,MS,val,821.7661094606201,1036.5482812271691,8.683210418629868
KAN_Lag,dl,MS,val,895.7918978477168,1136.8836579495703,9.331662382241815
KAN,dl,MS,val,1645.8557411810505,2038.069994709307,17.323233770320588
