Model,Family,Frequency,Split,MAE,RMSE,MAPE
LSTM_Lag,dl,MS,val,144.73798303204862,191.3593128684474,1.4728921062151885
RNN_Lag,dl,MS,val,178.67308803204858,241.829081375913,1.819342108868657
NHITS_Lag,dl,MS,val,287.86344696062,365.52909825946676,2.9894112703546765
LSTM,dl,MS,val,324.83723178204855,395.394369412258,3.438941212024129
NHITS,dl,MS,val,847.6679811272867,1080.1731055316636,8.917057887748067
KAN_Lag,dl,MS,val,896.6668395143834,1136.8467320862503,9.348635995440352
RNN,dl,MS,val,903.8400461272867,1078.864261284727,9.78061362238644
KAN,dl,MS,val,1647.9158586810502,2039.0540890852362,17.353953669385973
