Model,Family,Frequency,Split,MAE,RMSE,MAPE,WAPE
LSTM_Lag,dl,MS,val,71.34099368105014,78.63347192300947,0.790164745571802,0.7142446651301098
RNN_Lag,dl,MS,val,204.43838154395334,257.2859038259274,2.1128316845558515,2.046775855385775
RNN,dl,MS,val,206.58038886538193,280.5036125311024,2.1322275642146487,2.0682209912474923
NHITS_Lag,dl,MS,val,280.01457219871526,362.8816317183872,2.8920637264890217,2.8034220443546585
LSTM,dl,MS,val,289.71024886538186,339.3878776166289,3.1512444531886974,2.9004922556970127
KAN_Lag,dl,MS,val,597.308943085812,797.0666041672445,6.1157671096629675,5.980078269457399
NHITS,dl,MS,val,821.7661094606201,1036.5482812271691,8.683210418629868,8.227276203791924
KAN,dl,MS,val,1642.6421820143833,2035.3224345259134,17.28858250691035,16.445641624600732
