Model,Family,Frequency,Split,MAE,RMSE,MAPE,WAPE
LSTM_Lag,dl,MS,val,66.03550201438348,74.11723296394543,0.724043650783527,0.6611276713333795
RNN_Lag,dl,MS,val,169.80280641914536,221.67688062905557,1.738132248859233,1.7000148491232803
RNN,dl,MS,val,248.91283868105015,348.7254074417106,2.4988694019710933,2.4920408020270615
LSTM,dl,MS,val,286.9121560320486,339.23713692278886,3.101992878332496,2.872478588159916
NHITS_Lag,dl,MS,val,301.6659255320486,381.7343976710528,3.1578838874426385,3.0201889102651354
KAN_Lag,dl,MS,val,443.9345364191454,567.6192404313831,4.646192889055581,4.444539639046357
NHITS,dl,MS,val,859.1861861272865,1083.322467498149,9.072769937686417,8.601914805651285
KAN,dl,MS,val,1645.9811578477168,2037.412470489453,17.328539712687753,16.479070450762297
