Model,Family,Frequency,Split,MAE,RMSE,MAPE,WAPE
LGBMRegressor_Lag,ml,D,val,13.468348697968414,18.478178130063736,0.12068418156400057,0.13484107396434006
LinearRegression,ml,D,val,26.217515534644217,35.93548395429037,0.22809998902031245,0.2624819144979109
LinearRegression_Lag,ml,D,val,26.480136473886756,32.78011612205058,0.2386439510247951,0.2651111966977644
RandomForestRegressor,ml,D,val,27.278778206994676,34.924899903373856,0.2477881682754833,0.27310695857028394
LGBMRegressor,ml,D,val,27.302583192084043,34.95859495529518,0.24803756444086955,0.27334528695241433
HuberRegressor_Lag,ml,D,val,39.05206817120588,43.49710096866389,0.377313083169575,0.3909776120905102
RandomForestRegressor_Lag,ml,D,val,38.88504346870662,44.1800735659857,0.38054351304628814,0.3893054107859084
HuberRegressor,ml,D,val,49.411825465572754,55.036050957422276,0.46515070123257035,0.49469639981339186
