Model,Family,Frequency,Split,MAE,RMSE,MAPE
LGBMRegressor_Lag,ml,D,val,16.87542801374111,21.55513503570295,0.15608638662947538
LinearRegression,ml,D,val,26.217515534644217,35.93548395429037,0.2280999890203124
LinearRegression_Lag,ml,D,val,26.480136473886706,32.78011612205057,0.23864395102479477
RandomForestRegressor,ml,D,val,27.287968846928365,34.92410317016277,0.2479141652227214
LGBMRegressor,ml,D,val,27.302582424214435,34.9585944373241,0.24803755531751726
HuberRegressor_Lag,ml,D,val,38.881486672642815,43.40751438149812,0.3752128661102289
RandomForestRegressor_Lag,ml,D,val,39.63253613143502,45.00614796255032,0.38681090140655194
HuberRegressor,ml,D,val,49.411825465572754,55.036050957422276,0.46515070123257024
