Model,Family,Frequency,Split,MAE,RMSE,MAPE
RandomForestRegressor_Lag,ml,MS,val,16.372535283171512,19.38450706086143,0.16857091972400925
LinearRegression,ml,MS,val,24.084482874751217,36.63506010620723,0.19961531420853296
RandomForestRegressor,ml,MS,val,26.949875982703094,35.06894215618448,0.24348674516663002
LGBMRegressor,ml,MS,val,28.676749989632597,35.924924278914894,0.26497254368742634
HuberRegressor,ml,MS,val,48.31550195227144,54.13783399510198,0.4536066173065551
LGBMRegressor_Lag,ml,MS,val,73.01920659596671,83.01818987241114,0.843964213837396
HuberRegressor_Lag,ml,MS,val,112.44593495852399,125.46180987796477,1.2722784944647547
LinearRegression_Lag,ml,MS,val,266.005250538504,294.7007176537668,2.958339480994423
