Model,Family,Frequency,Split,MAE,RMSE,MAPE
RandomForestRegressor_Lag,ml,MS,val,16.368821256619192,19.570436441266292,0.16745211023700504
LinearRegression,ml,MS,val,24.08448287475122,36.635060106207234,0.19961531420853296
RandomForestRegressor,ml,MS,val,27.036323013057075,34.985175336944735,0.24444985697674335
LGBMRegressor,ml,MS,val,28.325516324032577,36.29712969495194,0.2581766755380759
HuberRegressor,ml,MS,val,48.31550195227143,54.13783399510198,0.4536066173065551
LGBMRegressor_Lag,ml,MS,val,81.16030401666052,87.80368388855385,0.9214723890582076
HuberRegressor_Lag,ml,MS,val,112.32918606675871,125.34632965050429,1.2708632808058844
LinearRegression_Lag,ml,MS,val,266.00525053850373,294.70071765376656,2.958339480994418
