Model,Family,Frequency,Split,MAE,RMSE,MAPE
SES,stat,MS,val,24.580392597874567,29.244292638121397,0.29506147027998175
AutoETS,stat,MS,val,31.181128148444703,36.68775460675782,0.37864421040236357
HoltWinters,stat,MS,val,35.12930164552688,39.79615557778,0.4062755696792369
Holt,stat,MS,val,36.014644936534616,41.11449228085602,0.43145586527500995
