Model,Family,Frequency,Split,MAE,RMSE,MAPE,WAPE
AutoETS,stat,D,val,20.829844863959394,23.764167676921442,0.22984615833251834,0.2085421691220802
HoltWinters,stat,D,val,20.827490042717013,24.143707912387644,0.2326519764112344,0.20851859335697065
SES,stat,D,val,24.183431757771206,28.677740991389943,0.28917570657831626,0.24211727684575615
Holt,stat,D,val,27.451504011091206,31.738654072451528,0.3271058673313774,0.27483623759683923
